{"cameraMode":{"drawMode":0,"name":"Shaded","section":"Shading Mode"},"sceneLighting":true,"audioPlay":false,"sceneViewState":{"showFog":true,"showMaterialUpdate":false,"showSkybox":true,"showFlares":true,"showImageEffects":true,"showParticleSystems":true},"in2DMode":false,"pivot":{"x":1.5097708702087403,"y":3.950444221496582,"z":-0.8428826332092285},"rotation":{"x":-0.013529610820114613,"y":0.431672066450119,"z":-0.006475492846220732,"w":-0.90190589427948},"size":10.0,"orthographic":false}