{"cameraMode":{"drawMode":0,"name":"Shaded","section":"Shading Mode"},"sceneLighting":false,"audioPlay":false,"sceneViewState":{"showFog":true,"showMaterialUpdate":false,"showSkybox":false,"showFlares":true,"showImageEffects":true,"showParticleSystems":true},"in2DMode":false,"pivot":{"x":0.0001372992992401123,"y":0.7262802124023438,"z":0.04523015022277832},"rotation":{"x":0.17341992259025575,"y":-0.01034693606197834,"z":0.0018215659074485303,"w":0.9847919344902039},"size":6.6039719581604,"orthographic":false}