{"cameraMode":{"drawMode":0,"name":"Shaded","section":"Shading Mode"},"sceneLighting":false,"audioPlay":false,"sceneViewState":{"showFog":true,"showMaterialUpdate":false,"showSkybox":false,"showFlares":true,"showImageEffects":true,"showParticleSystems":true},"in2DMode":false,"pivot":{"x":3.921161651611328,"y":0.32169684767723086,"z":11.210000038146973},"rotation":{"x":-0.061615269631147388,"y":-0.8114256858825684,"z":0.08700228482484818,"w":-0.57464998960495},"size":0.9345254898071289,"orthographic":false}