{"cameraMode":{"drawMode":0,"name":"Shaded","section":"Shading Mode"},"sceneLighting":false,"audioPlay":false,"sceneViewState":{"showFog":true,"showMaterialUpdate":false,"showSkybox":false,"showFlares":true,"showImageEffects":true,"showParticleSystems":true},"in2DMode":false,"pivot":{"x":0.0000017881393432617188,"y":1.5082905292510987,"z":0.016342520713806154},"rotation":{"x":0.01363050565123558,"y":0.9696698784828186,"z":-0.23761415481567384,"w":0.05562443286180496},"size":7.741904258728027,"orthographic":false}