{"cameraMode":{"drawMode":0,"name":"Shaded","section":"Shading Mode"},"sceneLighting":false,"audioPlay":false,"sceneViewState":{"showFog":true,"showMaterialUpdate":false,"showSkybox":false,"showFlares":true,"showImageEffects":true,"showParticleSystems":true},"in2DMode":false,"pivot":{"x":-0.13276158273220063,"y":3.0478994846343996,"z":-0.31276988983154299},"rotation":{"x":-0.00006511461833724752,"y":0.9985248446464539,"z":-0.0542835034430027,"w":-0.001196378143504262},"size":7.706731796264648,"orthographic":false}