{"cameraMode":{"drawMode":0,"name":"Shaded","section":"Shading Mode"},"sceneLighting":false,"audioPlay":false,"sceneViewState":{"showFog":true,"showMaterialUpdate":false,"showSkybox":false,"showFlares":true,"showImageEffects":true,"showParticleSystems":true},"in2DMode":false,"pivot":{"x":-103.64785766601563,"y":-36.21441650390625,"z":-2.6510846614837648},"rotation":{"x":0.10541801154613495,"y":-0.7087636590003967,"z":0.10843551158905029,"w":0.6890449523925781},"size":143.8976287841797,"orthographic":false}